SET NAMES utf8;
SET time_zone = '+00:00';
SET foreign_key_checks = 0;
SET sql_mode = 'NO_AUTO_VALUE_ON_ZERO';

DROP TABLE IF EXISTS `compprofiles`;
CREATE TABLE `compprofiles` (
  `id` int(10) unsigned NOT NULL AUTO_INCREMENT,
  `user_id` int(10) unsigned NOT NULL,
  `name` varchar(255) COLLATE utf8_unicode_ci NOT NULL,
  `description` text COLLATE utf8_unicode_ci NOT NULL,
  `logo` varchar(255) COLLATE utf8_unicode_ci DEFAULT NULL,
  `email` varchar(255) COLLATE utf8_unicode_ci NOT NULL,
  `phone` varchar(255) COLLATE utf8_unicode_ci NOT NULL,
  `fax` varchar(255) COLLATE utf8_unicode_ci NOT NULL,
  `web_url` varchar(255) COLLATE utf8_unicode_ci NOT NULL,
  `state_id` int(11) NOT NULL,
  `city` varchar(255) COLLATE utf8_unicode_ci NOT NULL,
  `addr_1` varchar(255) COLLATE utf8_unicode_ci NOT NULL,
  `zip` varchar(255) COLLATE utf8_unicode_ci NOT NULL,
  `lat` decimal(10,7) NOT NULL,
  `lng` double(10,7) NOT NULL,
  `created_at` timestamp NOT NULL DEFAULT '0000-00-00 00:00:00',
  `updated_at` timestamp NOT NULL DEFAULT '0000-00-00 00:00:00',
  PRIMARY KEY (`id`)
) ENGINE=InnoDB DEFAULT CHARSET=utf8 COLLATE=utf8_unicode_ci;


DROP TABLE IF EXISTS `cronjobs`;
CREATE TABLE `cronjobs` (
  `id` int(10) unsigned NOT NULL AUTO_INCREMENT,
  `created_at` timestamp NOT NULL DEFAULT '0000-00-00 00:00:00',
  `updated_at` timestamp NOT NULL DEFAULT '0000-00-00 00:00:00',
  PRIMARY KEY (`id`)
) ENGINE=InnoDB DEFAULT CHARSET=utf8 COLLATE=utf8_unicode_ci;


DROP TABLE IF EXISTS `det_bodystyles`;
CREATE TABLE `det_bodystyles` (
  `id` int(10) unsigned NOT NULL AUTO_INCREMENT,
  `name` varchar(255) COLLATE utf8_unicode_ci NOT NULL,
  `active` tinyint(1) NOT NULL,
  `order` int(11) NOT NULL,
  PRIMARY KEY (`id`)
) ENGINE=InnoDB DEFAULT CHARSET=utf8 COLLATE=utf8_unicode_ci;

INSERT INTO `det_bodystyles` (`id`, `name`, `active`, `order`) VALUES
  (1,	'Convertible',	1,	0),
  (2,	'Coupe',	1,	0),
  (3,	'Full Size Van',	1,	0),
  (4,	'Hatchback',	1,	0),
  (5,	'Minivan',	1,	0),
  (6,	'Pickup Truck',	1,	0),
  (7,	'SUV',	1,	0),
  (8,	'Sedan',	1,	0),
  (9,	'Wagon',	1,	0);

DROP TABLE IF EXISTS `det_conditions`;
CREATE TABLE `det_conditions` (
  `id` int(10) unsigned NOT NULL AUTO_INCREMENT,
  `name` varchar(255) COLLATE utf8_unicode_ci NOT NULL,
  `active` tinyint(1) NOT NULL,
  `order` int(11) NOT NULL,
  PRIMARY KEY (`id`)
) ENGINE=InnoDB DEFAULT CHARSET=utf8 COLLATE=utf8_unicode_ci;

INSERT INTO `det_conditions` (`id`, `name`, `active`, `order`) VALUES
  (1,	'New',	1,	0),
  (2,	'Used',	1,	0);

DROP TABLE IF EXISTS `det_drivetypes`;
CREATE TABLE `det_drivetypes` (
  `id` int(10) unsigned NOT NULL AUTO_INCREMENT,
  `name` varchar(255) COLLATE utf8_unicode_ci NOT NULL,
  `active` tinyint(1) NOT NULL,
  `order` int(11) NOT NULL,
  PRIMARY KEY (`id`)
) ENGINE=InnoDB DEFAULT CHARSET=utf8 COLLATE=utf8_unicode_ci;

INSERT INTO `det_drivetypes` (`id`, `name`, `active`, `order`) VALUES
  (1,	'4x2/2-wheel drive',	1,	0),
  (2,	'4x4/4-wheel drive',	1,	0),
  (3,	'AWD',	1,	0),
  (4,	'FWD',	1,	0),
  (5,	'RWD',	1,	0);

DROP TABLE IF EXISTS `det_extcolors`;
CREATE TABLE `det_extcolors` (
  `id` int(10) unsigned NOT NULL AUTO_INCREMENT,
  `name` varchar(255) COLLATE utf8_unicode_ci NOT NULL,
  `active` tinyint(1) NOT NULL,
  `order` int(11) NOT NULL,
  PRIMARY KEY (`id`)
) ENGINE=InnoDB DEFAULT CHARSET=utf8 COLLATE=utf8_unicode_ci;

INSERT INTO `det_extcolors` (`id`, `name`, `active`, `order`) VALUES
  (1,	'Beige',	1,	0),
  (2,	'Black',	1,	0),
  (3,	'Blue',	1,	0),
  (4,	'Brown',	1,	0),
  (5,	'Gold',	1,	0),
  (6,	'Gray',	1,	0),
  (7,	'Green',	1,	0),
  (8,	'Orange',	1,	0),
  (9,	'Pink',	1,	0),
  (10,	'Purple',	1,	0),
  (11,	'Red',	1,	0),
  (12,	'Silver',	1,	0),
  (13,	'White',	1,	0),
  (14,	'Yellow',	1,	0);

DROP TABLE IF EXISTS `det_fueltypes`;
CREATE TABLE `det_fueltypes` (
  `id` int(10) unsigned NOT NULL AUTO_INCREMENT,
  `name` varchar(255) COLLATE utf8_unicode_ci NOT NULL,
  `active` tinyint(1) NOT NULL,
  `order` int(11) NOT NULL,
  PRIMARY KEY (`id`)
) ENGINE=InnoDB DEFAULT CHARSET=utf8 COLLATE=utf8_unicode_ci;

INSERT INTO `det_fueltypes` (`id`, `name`, `active`, `order`) VALUES
  (1,	'Gasoline',	1,	0),
  (2,	'E-85/Gasoline',	1,	0),
  (3,	'Gasoline Hybrid',	1,	0),
  (4,	'Diesel',	1,	0),
  (5,	'Electric',	1,	0),
  (6,	'Gas',	1,	0);

DROP TABLE IF EXISTS `det_intcolors`;
CREATE TABLE `det_intcolors` (
  `id` int(10) unsigned NOT NULL AUTO_INCREMENT,
  `name` varchar(255) COLLATE utf8_unicode_ci NOT NULL,
  `active` tinyint(1) NOT NULL,
  `order` int(11) NOT NULL,
  PRIMARY KEY (`id`)
) ENGINE=InnoDB DEFAULT CHARSET=utf8 COLLATE=utf8_unicode_ci;

INSERT INTO `det_intcolors` (`id`, `name`, `active`, `order`) VALUES
  (1,	'Beige',	1,	0),
  (2,	'Black',	1,	0),
  (3,	'Blue',	1,	0),
  (4,	'Brown',	1,	0),
  (5,	'Gold',	1,	0),
  (6,	'Gray',	1,	0),
  (7,	'Green',	1,	0),
  (8,	'Orange',	1,	0),
  (9,	'Pink',	1,	0),
  (10,	'Purple',	1,	0),
  (11,	'Red',	1,	0),
  (12,	'Silver',	1,	0),
  (13,	'White',	1,	0),
  (14,	'Yellow',	1,	0);

DROP TABLE IF EXISTS `det_states`;
CREATE TABLE `det_states` (
  `id` int(10) unsigned NOT NULL AUTO_INCREMENT,
  `name` varchar(255) COLLATE utf8_unicode_ci NOT NULL,
  `active` tinyint(1) NOT NULL,
  `order` int(11) NOT NULL,
  PRIMARY KEY (`id`)
) ENGINE=InnoDB DEFAULT CHARSET=utf8 COLLATE=utf8_unicode_ci;

INSERT INTO `det_states` (`id`, `name`, `active`, `order`) VALUES
  (1,	'Alabama',	1,	0),
  (2,	'Alaska',	1,	0),
  (3,	'Arizona',	1,	0),
  (4,	'Arkansas',	1,	0),
  (5,	'California',	1,	0),
  (6,	'Colorado',	1,	0),
  (7,	'Connecticut',	1,	0),
  (8,	'Delaware',	1,	0),
  (9,	'District of Columbia',	1,	0),
  (10,	'Florida',	1,	0),
  (11,	'Georgia',	1,	0),
  (12,	'Hawaii',	1,	0),
  (13,	'Idaho',	1,	0),
  (14,	'Illinois',	1,	0),
  (15,	'Indiana',	1,	0),
  (16,	'Iowa',	1,	0),
  (17,	'Kansas',	1,	0),
  (18,	'Kentucky',	1,	0),
  (19,	'Louisiana',	1,	0),
  (20,	'Maine',	1,	0),
  (21,	'Maryland',	1,	0),
  (22,	'Massachusetts',	1,	0),
  (23,	'Michigan',	1,	0),
  (24,	'Minnesota',	1,	0),
  (25,	'Mississippi',	1,	0),
  (26,	'Missouri',	1,	0),
  (27,	'Montana',	1,	0),
  (28,	'Nebraska',	1,	0),
  (29,	'Nevada',	1,	0),
  (30,	'New Hampshire',	1,	0),
  (31,	'New Jersey',	1,	0),
  (32,	'New Mexico',	1,	0),
  (33,	'New York',	1,	0),
  (34,	'North Carolina',	1,	0),
  (35,	'North Dakota',	1,	0),
  (36,	'Ohio',	1,	0),
  (37,	'Oklahoma',	1,	0),
  (38,	'Oregon',	1,	0),
  (39,	'Pennsylvania',	1,	0),
  (40,	'Rhode Island',	1,	0),
  (41,	'South Carolina',	1,	0),
  (42,	'South Dakota',	1,	0),
  (43,	'Tennessee',	1,	0),
  (44,	'Texas',	1,	0),
  (45,	'Utah',	1,	0),
  (46,	'Vermont',	1,	0),
  (47,	'Virginia',	1,	0),
  (48,	'Washington',	1,	0),
  (49,	'West Virginia',	1,	0),
  (50,	'Wisconsin',	1,	0),
  (51,	'Wyoming',	1,	0);

DROP TABLE IF EXISTS `det_transmissions`;
CREATE TABLE `det_transmissions` (
  `id` int(10) unsigned NOT NULL AUTO_INCREMENT,
  `name` varchar(255) COLLATE utf8_unicode_ci NOT NULL,
  `active` tinyint(1) NOT NULL,
  `order` int(11) NOT NULL,
  PRIMARY KEY (`id`)
) ENGINE=InnoDB DEFAULT CHARSET=utf8 COLLATE=utf8_unicode_ci;

INSERT INTO `det_transmissions` (`id`, `name`, `active`, `order`) VALUES
  (1,	'Automatic',	1,	0),
  (2,	'Manual',	1,	0);

DROP TABLE IF EXISTS `email_tokens`;
CREATE TABLE `email_tokens` (
  `id` int(10) unsigned NOT NULL AUTO_INCREMENT,
  `email` varchar(255) COLLATE utf8_unicode_ci NOT NULL,
  `user_id` int(11) NOT NULL,
  `token` varchar(255) COLLATE utf8_unicode_ci NOT NULL,
  `created_at` timestamp NOT NULL DEFAULT '0000-00-00 00:00:00',
  PRIMARY KEY (`id`)
) ENGINE=InnoDB DEFAULT CHARSET=utf8 COLLATE=utf8_unicode_ci;


DROP TABLE IF EXISTS `features`;
CREATE TABLE `features` (
  `id` int(10) unsigned NOT NULL AUTO_INCREMENT,
  `name` varchar(255) COLLATE utf8_unicode_ci NOT NULL,
  `active` tinyint(1) NOT NULL,
  `order` int(11) NOT NULL,
  PRIMARY KEY (`id`)
) ENGINE=InnoDB DEFAULT CHARSET=utf8 COLLATE=utf8_unicode_ci;

INSERT INTO `features` (`id`, `name`, `active`, `order`) VALUES
  (31,	'A/C: Front',	1,	1),
  (32,	'A/C: Rear',	1,	2),
  (33,	'Cruise Control',	1,	3),
  (34,	'Navigation System',	1,	4),
  (35,	'Power Locks',	1,	5),
  (36,	'Power Steering',	1,	6),
  (37,	'TV/VCR',	1,	7),
  (38,	'Airbag: Driver',	1,	8),
  (39,	'Airbag: Passenger',	1,	9),
  (40,	'Airbag: Side',	1,	10),
  (41,	'Alarm',	1,	11),
  (42,	'Anti-Lock Brakes',	1,	12),
  (43,	'Fog Lights',	1,	13),
  (44,	'Bucket Seats',	1,	14),
  (45,	'Leather Interior',	1,	15),
  (46,	'Memory Seats',	1,	16),
  (47,	'Power Seats',	1,	17),
  (48,	'Cassette Radio',	1,	18),
  (49,	'CD Changer',	1,	19),
  (50,	'CD Player',	1,	20),
  (51,	'Premium Sound',	1,	21),
  (52,	'Power Windows',	1,	30),
  (53,	'Rear Window Defroster',	1,	32),
  (54,	'Rear Window Wiper',	1,	31),
  (55,	'Tinted Glass',	1,	25),
  (56,	'Alloy Wheels',	1,	26),
  (57,	'Sunroof / Moonroof',	1,	27),
  (58,	'Third Row Seats',	1,	28),
  (59,	'Tow Package',	1,	29);

DROP TABLE IF EXISTS `feature_listing`;
CREATE TABLE `feature_listing` (
  `id` int(10) unsigned NOT NULL AUTO_INCREMENT,
  `feature_id` int(10) unsigned NOT NULL,
  `listing_id` int(10) unsigned NOT NULL,
  PRIMARY KEY (`id`),
  KEY `feature_listing_feature_id_index` (`feature_id`),
  KEY `feature_listing_listing_id_index` (`listing_id`),
  CONSTRAINT `feature_listing_feature_id_foreign` FOREIGN KEY (`feature_id`) REFERENCES `features` (`id`) ON DELETE CASCADE,
  CONSTRAINT `feature_listing_listing_id_foreign` FOREIGN KEY (`listing_id`) REFERENCES `listings` (`id`) ON DELETE CASCADE
) ENGINE=InnoDB DEFAULT CHARSET=utf8 COLLATE=utf8_unicode_ci;


DROP TABLE IF EXISTS `highfeat_plans`;
CREATE TABLE `highfeat_plans` (
  `id` int(10) unsigned NOT NULL AUTO_INCREMENT,
  `for` varchar(255) COLLATE utf8_unicode_ci NOT NULL,
  `user_group_id` int(10) unsigned NOT NULL,
  `duration` int(11) DEFAULT NULL,
  `price` decimal(5,2) DEFAULT NULL,
  `order` int(11) NOT NULL,
  `created_at` timestamp NOT NULL DEFAULT '0000-00-00 00:00:00',
  `updated_at` timestamp NOT NULL DEFAULT '0000-00-00 00:00:00',
  PRIMARY KEY (`id`)
) ENGINE=InnoDB DEFAULT CHARSET=utf8 COLLATE=utf8_unicode_ci;

INSERT INTO `highfeat_plans` (`id`, `for`, `user_group_id`, `duration`, `price`, `order`, `created_at`, `updated_at`) VALUES
  (1,	'highlighting',	1,	5,	5.00,	1,	'2015-10-28 07:30:55',	'2015-10-28 07:30:55'),
  (2,	'highlighting',	1,	15,	10.00,	2,	'2015-10-28 07:30:56',	'2015-10-28 13:39:13'),
  (3,	'featuring',	1,	15,	15.00,	2,	'2015-10-28 07:30:56',	'2015-10-28 07:30:56'),
  (6,	'highlighting',	1,	30,	30.00,	3,	'2015-10-28 07:30:56',	'2015-10-28 07:30:56'),
  (7,	'highlighting',	2,	5,	5.00,	1,	'2015-10-28 07:30:56',	'2015-10-28 07:30:56'),
  (8,	'featuring',	2,	5,	10.00,	1,	'2015-10-28 07:30:56',	'2015-10-28 13:40:47'),
  (9,	'highlighting',	2,	15,	15.00,	2,	'2015-10-28 07:30:56',	'2015-10-28 07:30:56'),
  (10,	'featuring',	2,	15,	20.00,	2,	'2015-10-28 07:30:56',	'2015-10-28 13:41:03'),
  (11,	'highlighting',	2,	30,	25.00,	3,	'2015-10-28 07:30:56',	'2015-10-28 13:40:27'),
  (12,	'featuring',	2,	30,	25.00,	3,	'2015-10-28 07:30:56',	'2015-10-28 13:41:21'),
  (13,	'featuring',	1,	5,	10.00,	1,	'2015-10-28 13:38:49',	'2015-10-28 13:38:49'),
  (15,	'featuring',	1,	30,	25.00,	3,	'2015-10-28 13:40:06',	'2015-10-28 13:40:06');

DROP TABLE IF EXISTS `listings`;
CREATE TABLE `listings` (
  `id` int(10) unsigned NOT NULL AUTO_INCREMENT,
  `user_id` int(10) unsigned NOT NULL,
  `listing_plan_id` int(10) unsigned DEFAULT NULL,
  `views` int(11) NOT NULL,
  `year` int(10) unsigned NOT NULL,
  `make_id` int(10) unsigned NOT NULL,
  `model_id` int(10) unsigned NOT NULL,
  `det_condition_id` int(10) unsigned NOT NULL,
  `det_bodystyle_id` int(10) unsigned NOT NULL,
  `mileage` int(10) unsigned NOT NULL,
  `price` int(10) unsigned NOT NULL,
  `doors` int(10) unsigned NOT NULL,
  `passengers` int(10) unsigned NOT NULL,
  `det_extcolor_id` int(10) unsigned NOT NULL,
  `det_intcolor_id` int(10) unsigned NOT NULL,
  `engine_cyl` int(10) unsigned NOT NULL,
  `engine_cap` varchar(255) COLLATE utf8_unicode_ci NOT NULL,
  `det_transmission_id` int(10) unsigned NOT NULL,
  `det_drivetype_id` int(10) unsigned NOT NULL,
  `det_fueltype_id` int(10) unsigned NOT NULL,
  `description` text COLLATE utf8_unicode_ci NOT NULL,
  `state_id` int(11) NOT NULL,
  `city` varchar(255) COLLATE utf8_unicode_ci NOT NULL,
  `addr_1` varchar(255) COLLATE utf8_unicode_ci NOT NULL,
  `zip` varchar(255) COLLATE utf8_unicode_ci NOT NULL,
  `lat` decimal(10,7) NOT NULL,
  `lng` decimal(10,7) NOT NULL,
  `expires_on` timestamp NULL DEFAULT NULL,
  `st_moderation` varchar(255) COLLATE utf8_unicode_ci NOT NULL,
  `st_featured` tinyint(1) NOT NULL,
  `st_highlighted` tinyint(1) NOT NULL,
  `high_or_feat_till` timestamp NULL DEFAULT NULL,
  `st_archived` tinyint(1) NOT NULL,
  `created_at` timestamp NOT NULL DEFAULT '0000-00-00 00:00:00',
  `updated_at` timestamp NOT NULL DEFAULT '0000-00-00 00:00:00',
  PRIMARY KEY (`id`),
  KEY `listing_plan_id` (`listing_plan_id`),
  CONSTRAINT `listings_ibfk_1` FOREIGN KEY (`listing_plan_id`) REFERENCES `listing_plans` (`id`)
) ENGINE=InnoDB DEFAULT CHARSET=utf8 COLLATE=utf8_unicode_ci;


DROP TABLE IF EXISTS `listing_plans`;
CREATE TABLE `listing_plans` (
  `id` int(10) unsigned NOT NULL AUTO_INCREMENT,
  `user_group_id` int(10) unsigned NOT NULL,
  `name` varchar(255) COLLATE utf8_unicode_ci NOT NULL,
  `price` decimal(5,2) NOT NULL,
  `duration` int(11) NOT NULL,
  `max_photos` int(11) NOT NULL,
  `max_listings` int(11) NOT NULL,
  `auto_conf` tinyint(1) NOT NULL,
  `order` int(11) NOT NULL,
  `created_at` timestamp NOT NULL DEFAULT '0000-00-00 00:00:00',
  `updated_at` timestamp NOT NULL DEFAULT '0000-00-00 00:00:00',
  PRIMARY KEY (`id`)
) ENGINE=InnoDB DEFAULT CHARSET=utf8 COLLATE=utf8_unicode_ci;

INSERT INTO `listing_plans` (`id`, `user_group_id`, `name`, `price`, `duration`, `max_photos`, `max_listings`, `auto_conf`, `order`, `created_at`, `updated_at`) VALUES
  (5,	1,	'Premium',	10.00,	30,	10,	0,	1,	1,	'2015-10-28 07:30:55',	'2017-04-03 14:45:15'),
  (7,	1,	'Unlimited',	15.00,	0,	0,	0,	1,	2,	'2015-10-28 07:30:55',	'2017-04-03 14:48:18'),
  (9,	1,	'Free',	0.00,	15,	5,	3,	1,	0,	'2015-10-28 07:30:55',	'2017-04-03 14:44:34'),
  (13,	2,	'Unlimited',	10.00,	0,	0,	0,	1,	2,	'2015-10-28 07:30:55',	'2017-04-03 14:49:43'),
  (15,	2,	'Simple 15',	5.00,	15,	10,	0,	1,	1,	'2015-10-28 07:30:55',	'2017-04-03 14:49:08'),
  (17,	2,	'Free',	0.00,	7,	5,	3,	1,	0,	'2015-10-28 07:30:55',	'2017-04-03 14:49:19');

DROP TABLE IF EXISTS `makes`;
CREATE TABLE `makes` (
  `id` int(10) unsigned NOT NULL AUTO_INCREMENT,
  `name` varchar(255) COLLATE utf8_unicode_ci NOT NULL,
  `active` tinyint(1) NOT NULL,
  `order` int(11) NOT NULL,
  PRIMARY KEY (`id`),
  UNIQUE KEY `makes_name_unique` (`name`)
) ENGINE=InnoDB DEFAULT CHARSET=utf8 COLLATE=utf8_unicode_ci;

INSERT INTO `makes` (`id`, `name`, `active`, `order`) VALUES
  (1,	'Acura',	1,	0),
  (2,	'Alfa Romeo',	1,	0),
  (3,	'Am General',	1,	0),
  (4,	'Aston Martin',	1,	0),
  (5,	'Audi',	1,	0),
  (6,	'Avanti Motors',	1,	0),
  (7,	'Bentley',	1,	0),
  (8,	'BMW',	1,	0),
  (9,	'Bugatti',	1,	0),
  (10,	'Buick',	1,	0),
  (11,	'Cadillac',	1,	0),
  (12,	'Chevrolet',	1,	0),
  (13,	'Chrysler',	1,	0),
  (14,	'Daewoo',	1,	0),
  (15,	'Dodge',	1,	0),
  (16,	'Ferrari',	1,	0),
  (17,	'FIAT',	1,	0),
  (18,	'Fisker',	1,	0),
  (19,	'Ford',	1,	0),
  (20,	'GMC',	1,	0),
  (21,	'Honda',	1,	0),
  (22,	'Hummer',	1,	0),
  (23,	'Hyundai',	1,	0),
  (24,	'Infiniti',	1,	0),
  (25,	'International',	1,	0),
  (26,	'Isuzu',	1,	0),
  (27,	'Jaguar',	1,	0),
  (28,	'Jeep',	1,	0),
  (29,	'Kia',	1,	0),
  (30,	'Koenigsegg',	1,	0),
  (31,	'Lamborghini',	1,	0),
  (32,	'Land Rover',	1,	0),
  (33,	'Lexus',	1,	0),
  (34,	'Lincoln',	1,	0),
  (35,	'Lotus',	1,	0),
  (36,	'Maserati',	1,	0),
  (37,	'Maybach',	1,	0),
  (38,	'Mazda',	1,	0),
  (39,	'McLaren',	1,	0),
  (40,	'Mercedes-Benz',	1,	0),
  (41,	'Mercury',	1,	0),
  (42,	'MINI',	1,	0),
  (43,	'Mitsubishi',	1,	0),
  (44,	'Morgan',	1,	0),
  (45,	'Nissan',	1,	0),
  (46,	'Oldsmobile',	1,	0),
  (47,	'Panoz',	1,	0),
  (48,	'Plymouth',	1,	0),
  (49,	'Pontiac',	1,	0),
  (50,	'Porsche',	1,	0),
  (51,	'Qvale',	1,	0),
  (52,	'RAM',	1,	0),
  (53,	'Rolls-Royce',	1,	0),
  (54,	'Saab',	1,	0),
  (55,	'Saleen',	1,	0),
  (56,	'Saturn',	1,	0),
  (57,	'Scion',	1,	0),
  (58,	'Smart',	1,	0),
  (59,	'Spyker',	1,	0),
  (60,	'Subaru',	1,	0),
  (61,	'Suzuki',	1,	0),
  (62,	'Tesla',	1,	0),
  (63,	'Toyota',	1,	0),
  (64,	'Volkswagen',	1,	0),
  (65,	'Volvo',	1,	0);

DROP TABLE IF EXISTS `membership_plans`;
CREATE TABLE `membership_plans` (
  `id` int(10) unsigned NOT NULL AUTO_INCREMENT,
  `user_group_id` int(10) unsigned NOT NULL,
  `name` varchar(255) COLLATE utf8_unicode_ci NOT NULL,
  `description` varchar(255) COLLATE utf8_unicode_ci NOT NULL,
  `price` decimal(5,2) NOT NULL,
  `duration` int(11) NOT NULL,
  `max_listings` int(11) NOT NULL,
  `max_photos` int(11) NOT NULL,
  `order` int(11) NOT NULL,
  `auto_conf` tinyint(1) NOT NULL,
  `usable_once` tinyint(1) NOT NULL,
  `created_at` timestamp NOT NULL DEFAULT '0000-00-00 00:00:00',
  `updated_at` timestamp NOT NULL DEFAULT '0000-00-00 00:00:00',
  PRIMARY KEY (`id`)
) ENGINE=InnoDB DEFAULT CHARSET=utf8 COLLATE=utf8_unicode_ci;

INSERT INTO `membership_plans` (`id`, `user_group_id`, `name`, `description`, `price`, `duration`, `max_listings`, `max_photos`, `order`, `auto_conf`, `usable_once`, `created_at`, `updated_at`) VALUES
  (1,	1,	'Starter',	'Starter Membership Plan',	5.00,	30,	3,	10,	0,	1,	0,	'2015-10-28 07:30:54',	'2017-04-03 14:50:42'),
  (2,	1,	'Premium',	'Premium Membership Plan',	10.00,	30,	10,	15,	1,	0,	0,	'2015-10-28 07:30:54',	'2017-04-03 14:51:02'),
  (3,	1,	'Unlimited',	'Unlimited Membership Plan',	15.00,	0,	0,	0,	2,	1,	0,	'2015-10-28 07:30:54',	'2017-04-03 14:56:32'),
  (4,	2,	'Unlimited',	'Unlimited Membership Plan',	15.00,	0,	0,	0,	2,	1,	0,	'2015-10-28 07:30:54',	'2017-04-03 14:57:00'),
  (5,	2,	'Free',	'Free Membership Plan',	0.00,	15,	5,	5,	0,	1,	1,	'2015-10-28 07:30:54',	'2017-04-03 14:52:34'),
  (6,	2,	'Silver',	'Silver Membership Plan',	10.00,	30,	10,	15,	1,	1,	0,	'2015-10-28 07:30:55',	'2017-04-03 14:53:00');

DROP TABLE IF EXISTS `models`;
CREATE TABLE `models` (
  `id` int(10) unsigned NOT NULL AUTO_INCREMENT,
  `name` varchar(255) COLLATE utf8_unicode_ci NOT NULL,
  `make_id` int(10) unsigned NOT NULL,
  `active` tinyint(1) NOT NULL,
  `order` int(11) NOT NULL,
  PRIMARY KEY (`id`),
  KEY `models_make_id_index` (`make_id`),
  CONSTRAINT `models_make_id_foreign` FOREIGN KEY (`make_id`) REFERENCES `makes` (`id`) ON DELETE CASCADE
) ENGINE=InnoDB DEFAULT CHARSET=utf8 COLLATE=utf8_unicode_ci;

INSERT INTO `models` (`id`, `name`, `make_id`, `active`, `order`) VALUES
  (1,	'CL',	1,	1,	0),
  (2,	'ILX',	1,	1,	0),
  (3,	'ILX Hybrid',	1,	1,	0),
  (4,	'Integra',	1,	1,	0),
  (5,	'MDX',	1,	1,	0),
  (6,	'NSX',	1,	1,	0),
  (7,	'RDX',	1,	1,	0),
  (8,	'RL',	1,	1,	0),
  (9,	'RLX',	1,	1,	0),
  (10,	'RLX Sport Hybrid',	1,	1,	0),
  (11,	'RSX',	1,	1,	0),
  (12,	'TL',	1,	1,	0),
  (13,	'TLX',	1,	1,	0),
  (14,	'TSX',	1,	1,	0),
  (15,	'ZDX',	1,	1,	0),
  (16,	'4C',	2,	1,	0),
  (17,	'8c Competizione',	2,	1,	0),
  (18,	'Hummer',	3,	1,	0),
  (19,	'DB AR1 Zagato',	4,	1,	0),
  (20,	'DB7',	4,	1,	0),
  (21,	'DB7 Vantage',	4,	1,	0),
  (22,	'DB9',	4,	1,	0),
  (23,	'DBS',	4,	1,	0),
  (24,	'Rapide',	4,	1,	0),
  (25,	'Rapide S',	4,	1,	0),
  (26,	'V12 Vanquish',	4,	1,	0),
  (27,	'V12 Vantage',	4,	1,	0),
  (28,	'V12 Vantage S',	4,	1,	0),
  (29,	'V8 Vantage',	4,	1,	0),
  (30,	'V8 Vantage S',	4,	1,	0),
  (31,	'Vanquish',	4,	1,	0),
  (32,	'Vantage',	4,	1,	0),
  (33,	'Vantage GT',	4,	1,	0),
  (34,	'Virage',	4,	1,	0),
  (35,	'A3',	5,	1,	0),
  (36,	'A4',	5,	1,	0),
  (37,	'A5',	5,	1,	0),
  (38,	'A6',	5,	1,	0),
  (39,	'A7',	5,	1,	0),
  (40,	'A8',	5,	1,	0),
  (41,	'allroad',	5,	1,	0),
  (42,	'Q3',	5,	1,	0),
  (43,	'Q5',	5,	1,	0),
  (44,	'Q5 hybrid',	5,	1,	0),
  (45,	'Q7',	5,	1,	0),
  (46,	'R8',	5,	1,	0),
  (47,	'RS 4',	5,	1,	0),
  (48,	'RS 5',	5,	1,	0),
  (49,	'RS 7',	5,	1,	0),
  (50,	'RS6',	5,	1,	0),
  (51,	'S3',	5,	1,	0),
  (52,	'S4',	5,	1,	0),
  (53,	'S5',	5,	1,	0),
  (54,	'S6',	5,	1,	0),
  (55,	'S7',	5,	1,	0),
  (56,	'S8',	5,	1,	0),
  (57,	'SQ5',	5,	1,	0),
  (58,	'TT',	5,	1,	0),
  (59,	'TT RS',	5,	1,	0),
  (60,	'TTS',	5,	1,	0),
  (61,	'Avanti',	6,	1,	0),
  (62,	'Arnage',	7,	1,	0),
  (63,	'Azure',	7,	1,	0),
  (64,	'Brooklands',	7,	1,	0),
  (65,	'Continental',	7,	1,	0),
  (66,	'Continental Flying Spur',	7,	1,	0),
  (67,	'Continental GT',	7,	1,	0),
  (68,	'Continental GTC',	7,	1,	0),
  (69,	'Continental Supersports',	7,	1,	0),
  (70,	'Flying Spur',	7,	1,	0),
  (71,	'Mulsanne',	7,	1,	0),
  (72,	'R-Type',	7,	1,	0),
  (75,	'128',	8,	1,	0),
  (76,	'135',	8,	1,	0),
  (77,	'228',	8,	1,	0),
  (79,	'320',	8,	1,	0),
  (80,	'323',	8,	1,	0),
  (81,	'325',	8,	1,	0),
  (82,	'328',	8,	1,	0),
  (83,	'328 Gran Turismo',	8,	1,	0),
  (84,	'328d',	8,	1,	0),
  (85,	'330',	8,	1,	0),
  (86,	'335',	8,	1,	0),
  (87,	'335 Gran Turismo',	8,	1,	0),
  (88,	'340',	8,	1,	0),
  (91,	'428',	8,	1,	0),
  (92,	'428 Gran Coupe',	8,	1,	0),
  (93,	'435',	8,	1,	0),
  (94,	'435 Gran Coupe',	8,	1,	0),
  (97,	'525',	8,	1,	0),
  (98,	'528',	8,	1,	0),
  (99,	'530',	8,	1,	0),
  (100,	'535',	8,	1,	0),
  (101,	'535 Gran Turismo',	8,	1,	0),
  (102,	'535d',	8,	1,	0),
  (103,	'540',	8,	1,	0),
  (104,	'545',	8,	1,	0),
  (105,	'550',	8,	1,	0),
  (106,	'550 Gran Turismo',	8,	1,	0),
  (110,	'640',	8,	1,	0),
  (111,	'640 Gran Coupe',	8,	1,	0),
  (112,	'645',	8,	1,	0),
  (113,	'650',	8,	1,	0),
  (114,	'650 Gran Coupe',	8,	1,	0),
  (118,	'740',	8,	1,	0),
  (119,	'745',	8,	1,	0),
  (120,	'750',	8,	1,	0),
  (121,	'760',	8,	1,	0),
  (122,	'ActiveHybrid 750',	8,	1,	0),
  (123,	'Alpina B7',	8,	1,	0),
  (125,	'ActiveHybrid 3',	8,	1,	0),
  (126,	'ActiveHybrid 5',	8,	1,	0),
  (127,	'ActiveHybrid 7',	8,	1,	0),
  (128,	'ActiveHybrid 740',	8,	1,	0),
  (129,	'ALPINA B6 Gran Coupe',	8,	1,	0),
  (130,	'i3',	8,	1,	0),
  (131,	'i8',	8,	1,	0),
  (134,	'M',	8,	1,	0),
  (135,	'M235',	8,	1,	0),
  (136,	'M3',	8,	1,	0),
  (137,	'M4',	8,	1,	0),
  (138,	'M5',	8,	1,	0),
  (139,	'M6',	8,	1,	0),
  (140,	'M6 Gran Coupe',	8,	1,	0),
  (143,	'Z4 M',	8,	1,	0),
  (146,	'ActiveHybrid X6',	8,	1,	0),
  (147,	'X1',	8,	1,	0),
  (148,	'X3',	8,	1,	0),
  (149,	'X4',	8,	1,	0),
  (150,	'X5',	8,	1,	0),
  (151,	'X5 M',	8,	1,	0),
  (152,	'X6',	8,	1,	0),
  (153,	'X6 M',	8,	1,	0),
  (154,	'Z3',	8,	1,	0),
  (155,	'Z4',	8,	1,	0),
  (156,	'Z8',	8,	1,	0),
  (157,	'Veyron',	9,	1,	0),
  (158,	'Veyron 16.4',	9,	1,	0),
  (159,	'Century',	10,	1,	0),
  (160,	'Enclave',	10,	1,	0),
  (161,	'Encore',	10,	1,	0),
  (162,	'LaCrosse',	10,	1,	0),
  (163,	'LeSabre',	10,	1,	0),
  (164,	'Lucerne',	10,	1,	0),
  (165,	'Park Avenue',	10,	1,	0),
  (166,	'Rainier',	10,	1,	0),
  (167,	'Regal',	10,	1,	0),
  (168,	'Rendezvous',	10,	1,	0),
  (169,	'Terraza',	10,	1,	0),
  (170,	'Verano',	10,	1,	0),
  (171,	'ATS',	11,	1,	0),
  (172,	'ATS-V',	11,	1,	0),
  (173,	'Catera',	11,	1,	0),
  (174,	'CTS',	11,	1,	0),
  (175,	'DeVille',	11,	1,	0),
  (176,	'DTS',	11,	1,	0),
  (177,	'Eldorado',	11,	1,	0),
  (178,	'ELR',	11,	1,	0),
  (179,	'Escalade',	11,	1,	0),
  (180,	'Escalade ESV',	11,	1,	0),
  (181,	'Escalade EXT',	11,	1,	0),
  (182,	'Escalade Hybrid',	11,	1,	0),
  (183,	'Seville',	11,	1,	0),
  (184,	'SRX',	11,	1,	0),
  (185,	'STS',	11,	1,	0),
  (186,	'XLR',	11,	1,	0),
  (187,	'XTS',	11,	1,	0),
  (188,	'2500',	12,	1,	0),
  (189,	'3500',	12,	1,	0),
  (190,	'Astro',	12,	1,	0),
  (191,	'Avalanche',	12,	1,	0),
  (192,	'Aveo',	12,	1,	0),
  (193,	'Blazer',	12,	1,	0),
  (194,	'Camaro',	12,	1,	0),
  (195,	'Captiva Sport',	12,	1,	0),
  (196,	'Cavalier',	12,	1,	0),
  (197,	'City Express',	12,	1,	0),
  (198,	'Classic',	12,	1,	0),
  (199,	'Cobalt',	12,	1,	0),
  (200,	'Colorado',	12,	1,	0),
  (202,	'Corvette',	12,	1,	0),
  (203,	'Corvette Stingray',	12,	1,	0),
  (204,	'Cruze',	12,	1,	0),
  (205,	'Equinox',	12,	1,	0),
  (207,	'Express 1500',	12,	1,	0),
  (208,	'Express 2500',	12,	1,	0),
  (209,	'Express 3500',	12,	1,	0),
  (210,	'Van',	12,	1,	0),
  (211,	'HHR',	12,	1,	0),
  (212,	'Impala',	12,	1,	0),
  (213,	'Impala Limited',	12,	1,	0),
  (214,	'Lumina',	12,	1,	0),
  (215,	'Malibu',	12,	1,	0),
  (216,	'Malibu Classic',	12,	1,	0),
  (217,	'Malibu Hybrid',	12,	1,	0),
  (218,	'Malibu Maxx',	12,	1,	0),
  (219,	'Metro',	12,	1,	0),
  (220,	'Monte Carlo',	12,	1,	0),
  (221,	'Pickup',	12,	1,	0),
  (222,	'Prizm',	12,	1,	0),
  (223,	'S-10',	12,	1,	0),
  (225,	'Silverado 1500',	12,	1,	0),
  (226,	'Silverado 1500 Hybrid',	12,	1,	0),
  (227,	'Silverado 2500',	12,	1,	0),
  (228,	'Silverado 3500',	12,	1,	0),
  (229,	'Sonic',	12,	1,	0),
  (230,	'Spark',	12,	1,	0),
  (231,	'Spark EV',	12,	1,	0),
  (232,	'SS',	12,	1,	0),
  (233,	'SSR',	12,	1,	0),
  (234,	'Suburban',	12,	1,	0),
  (235,	'Tahoe',	12,	1,	0),
  (236,	'Tahoe Hybrid',	12,	1,	0),
  (237,	'Tracker',	12,	1,	0),
  (238,	'TrailBlazer',	12,	1,	0),
  (239,	'TrailBlazer EXT',	12,	1,	0),
  (240,	'Traverse',	12,	1,	0),
  (241,	'Trax',	12,	1,	0),
  (242,	'Uplander',	12,	1,	0),
  (243,	'Venture',	12,	1,	0),
  (244,	'Volt',	12,	1,	0),
  (245,	'200',	13,	1,	0),
  (246,	'300',	13,	1,	0),
  (247,	'300C',	13,	1,	0),
  (248,	'300M',	13,	1,	0),
  (249,	'Aspen',	13,	1,	0),
  (250,	'Aspen Hybrid',	13,	1,	0),
  (251,	'Cirrus',	13,	1,	0),
  (252,	'Concorde',	13,	1,	0),
  (253,	'Crossfire',	13,	1,	0),
  (254,	'Grand Voyager',	13,	1,	0),
  (255,	'LHS',	13,	1,	0),
  (256,	'Pacifica',	13,	1,	0),
  (257,	'Prowler',	13,	1,	0),
  (258,	'PT Cruiser',	13,	1,	0),
  (259,	'Sebring',	13,	1,	0),
  (260,	'Town & Country',	13,	1,	0),
  (261,	'Voyager',	13,	1,	0),
  (262,	'Lanos',	14,	1,	0),
  (263,	'Leganza',	14,	1,	0),
  (264,	'Nubira',	14,	1,	0),
  (265,	'Avenger',	15,	1,	0),
  (266,	'Caliber',	15,	1,	0),
  (267,	'Caravan',	15,	1,	0),
  (268,	'Challenger',	15,	1,	0),
  (269,	'Charger',	15,	1,	0),
  (270,	'Dakota',	15,	1,	0),
  (271,	'Dart',	15,	1,	0),
  (272,	'Durango',	15,	1,	0),
  (273,	'Durango Hybrid',	15,	1,	0),
  (274,	'Grand Caravan',	15,	1,	0),
  (275,	'Intrepid',	15,	1,	0),
  (276,	'Journey',	15,	1,	0),
  (277,	'Magnum',	15,	1,	0),
  (278,	'Neon',	15,	1,	0),
  (279,	'Nitro',	15,	1,	0),
  (284,	'Pickup',	15,	1,	0),
  (285,	'Ram 1500',	15,	1,	0),
  (286,	'Ram 2500',	15,	1,	0),
  (287,	'Ram 3500',	15,	1,	0),
  (288,	'Ram Van',	15,	1,	0),
  (289,	'Ram Wagon',	15,	1,	0),
  (290,	'Sprinter',	15,	1,	0),
  (291,	'SRT Viper',	15,	1,	0),
  (292,	'Stratus',	15,	1,	0),
  (293,	'Van',	15,	1,	0),
  (294,	'Viper',	15,	1,	0),
  (295,	'360 Modena',	16,	1,	0),
  (296,	'360 Spider',	16,	1,	0),
  (297,	'456 GT',	16,	1,	0),
  (298,	'456 M',	16,	1,	0),
  (299,	'458 Italia',	16,	1,	0),
  (300,	'458 Speciale',	16,	1,	0),
  (301,	'458 Spider',	16,	1,	0),
  (302,	'550 Barchetta',	16,	1,	0),
  (303,	'550 Maranello',	16,	1,	0),
  (304,	'575 M',	16,	1,	0),
  (305,	'599 GTB Fiorano',	16,	1,	0),
  (306,	'599 GTO',	16,	1,	0),
  (307,	'612 Scaglietti',	16,	1,	0),
  (308,	'California',	16,	1,	0),
  (309,	'Challenge Stradale',	16,	1,	0),
  (310,	'Enzo',	16,	1,	0),
  (311,	'F12berlinetta',	16,	1,	0),
  (312,	'F355',	16,	1,	0),
  (313,	'F430',	16,	1,	0),
  (314,	'F50',	16,	1,	0),
  (315,	'FF',	16,	1,	0),
  (316,	'Superamerica',	16,	1,	0),
  (317,	'500',	17,	1,	0),
  (318,	'500C',	17,	1,	0),
  (319,	'500e',	17,	1,	0),
  (320,	'500L',	17,	1,	0),
  (321,	'500X',	17,	1,	0),
  (322,	'Karma',	18,	1,	0),
  (323,	'C-Max Energi',	19,	1,	0),
  (324,	'C-Max Hybrid',	19,	1,	0),
  (325,	'Contour',	19,	1,	0),
  (326,	'Crown Victoria',	19,	1,	0),
  (329,	'E150',	19,	1,	0),
  (330,	'E250',	19,	1,	0),
  (331,	'E350',	19,	1,	0),
  (332,	'E350 Super Duty',	19,	1,	0),
  (333,	'Van',	19,	1,	0),
  (334,	'Edge',	19,	1,	0),
  (335,	'Escape',	19,	1,	0),
  (336,	'Escape Hybrid',	19,	1,	0),
  (337,	'Escort',	19,	1,	0),
  (338,	'Excursion',	19,	1,	0),
  (340,	'Expedition',	19,	1,	0),
  (341,	'Expedition EL',	19,	1,	0),
  (342,	'Explorer',	19,	1,	0),
  (343,	'Explorer Sport',	19,	1,	0),
  (344,	'Explorer Sport Trac',	19,	1,	0),
  (346,	'F150',	19,	1,	0),
  (347,	'F250',	19,	1,	0),
  (348,	'F350',	19,	1,	0),
  (349,	'F450',	19,	1,	0),
  (350,	'Pickup',	19,	1,	0),
  (352,	'Fiesta',	19,	1,	0),
  (353,	'Five Hundred',	19,	1,	0),
  (354,	'Flex',	19,	1,	0),
  (355,	'Focus',	19,	1,	0),
  (356,	'Focus Electric',	19,	1,	0),
  (357,	'Focus ST',	19,	1,	0),
  (358,	'Freestar',	19,	1,	0),
  (359,	'Freestyle',	19,	1,	0),
  (360,	'Fusion',	19,	1,	0),
  (361,	'Fusion Energi',	19,	1,	0),
  (362,	'Fusion Hybrid',	19,	1,	0),
  (363,	'GT',	19,	1,	0),
  (364,	'Mustang',	19,	1,	0),
  (365,	'Ranger',	19,	1,	0),
  (366,	'Sedan Police Interceptor',	19,	1,	0),
  (367,	'Taurus',	19,	1,	0),
  (368,	'Taurus X',	19,	1,	0),
  (369,	'Thunderbird',	19,	1,	0),
  (370,	'Transit Connect',	19,	1,	0),
  (371,	'Transit-150',	19,	1,	0),
  (372,	'Transit-250',	19,	1,	0),
  (373,	'Transit-350',	19,	1,	0),
  (374,	'Windstar',	19,	1,	0),
  (375,	'ZX2',	19,	1,	0),
  (376,	'Acadia',	20,	1,	0),
  (377,	'Canyon',	20,	1,	0),
  (378,	'Envoy',	20,	1,	0),
  (379,	'Envoy XL',	20,	1,	0),
  (380,	'Envoy XUV',	20,	1,	0),
  (381,	'Jimmy',	20,	1,	0),
  (382,	'Safari',	20,	1,	0),
  (385,	'Savana 1500',	20,	1,	0),
  (386,	'Savana 2500',	20,	1,	0),
  (387,	'Savana 3500',	20,	1,	0),
  (389,	'Pickup',	20,	1,	0),
  (390,	'Sierra 1500',	20,	1,	0),
  (391,	'Sierra 1500 Hybrid',	20,	1,	0),
  (392,	'Sierra 2500',	20,	1,	0),
  (393,	'Sierra 3500',	20,	1,	0),
  (394,	'Sonoma',	20,	1,	0),
  (395,	'Terrain',	20,	1,	0),
  (396,	'Van',	20,	1,	0),
  (397,	'Yukon',	20,	1,	0),
  (398,	'Yukon Hybrid',	20,	1,	0),
  (399,	'Yukon XL',	20,	1,	0),
  (400,	'Accord',	21,	1,	0),
  (401,	'Accord Crosstour',	21,	1,	0),
  (402,	'Accord Hybrid',	21,	1,	0),
  (403,	'Accord Plug-In Hybrid',	21,	1,	0),
  (404,	'Civic',	21,	1,	0),
  (405,	'Civic Hybrid',	21,	1,	0),
  (406,	'CR-V',	21,	1,	0),
  (407,	'CR-Z',	21,	1,	0),
  (408,	'Crosstour',	21,	1,	0),
  (409,	'Element',	21,	1,	0),
  (410,	'Fit',	21,	1,	0),
  (411,	'Fit EV',	21,	1,	0),
  (412,	'HR-V',	21,	1,	0),
  (413,	'Insight',	21,	1,	0),
  (414,	'Odyssey',	21,	1,	0),
  (415,	'Passport',	21,	1,	0),
  (416,	'Pilot',	21,	1,	0),
  (417,	'Prelude',	21,	1,	0),
  (418,	'Ridgeline',	21,	1,	0),
  (419,	'S2000',	21,	1,	0),
  (420,	'H1',	22,	1,	0),
  (421,	'H1 Alpha',	22,	1,	0),
  (422,	'H2',	22,	1,	0),
  (423,	'H3',	22,	1,	0),
  (424,	'H3T',	22,	1,	0),
  (425,	'Accent',	23,	1,	0),
  (426,	'Azera',	23,	1,	0),
  (427,	'Elantra',	23,	1,	0),
  (428,	'Elantra GT',	23,	1,	0),
  (429,	'Elantra Touring',	23,	1,	0),
  (430,	'Entourage',	23,	1,	0),
  (431,	'Equus',	23,	1,	0),
  (432,	'Genesis',	23,	1,	0),
  (433,	'Genesis Coupe',	23,	1,	0),
  (434,	'Santa Fe',	23,	1,	0),
  (435,	'Santa Fe Sport',	23,	1,	0),
  (436,	'Sonata',	23,	1,	0),
  (437,	'Sonata Hybrid',	23,	1,	0),
  (438,	'Tiburon',	23,	1,	0),
  (439,	'Tucson',	23,	1,	0),
  (440,	'Veloster',	23,	1,	0),
  (441,	'Veracruz',	23,	1,	0),
  (442,	'XG300',	23,	1,	0),
  (443,	'XG350',	23,	1,	0),
  (444,	'EX35',	24,	1,	0),
  (445,	'EX37',	24,	1,	0),
  (447,	'FX35',	24,	1,	0),
  (448,	'FX37',	24,	1,	0),
  (449,	'FX45',	24,	1,	0),
  (450,	'FX50',	24,	1,	0),
  (452,	'G20',	24,	1,	0),
  (453,	'G25',	24,	1,	0),
  (454,	'G35',	24,	1,	0),
  (455,	'G37',	24,	1,	0),
  (458,	'I30',	24,	1,	0),
  (459,	'I35',	24,	1,	0),
  (460,	'IPL G',	24,	1,	0),
  (461,	'JX35',	24,	1,	0),
  (463,	'M35',	24,	1,	0),
  (464,	'M35h',	24,	1,	0),
  (465,	'M37',	24,	1,	0),
  (466,	'M45',	24,	1,	0),
  (467,	'M56',	24,	1,	0),
  (468,	'Q45',	24,	1,	0),
  (469,	'Q50',	24,	1,	0),
  (470,	'Q50 Hybrid',	24,	1,	0),
  (471,	'Q60',	24,	1,	0),
  (472,	'Q60 IPL',	24,	1,	0),
  (473,	'Q70',	24,	1,	0),
  (474,	'Q70h',	24,	1,	0),
  (476,	'QX4',	24,	1,	0),
  (477,	'QX50',	24,	1,	0),
  (479,	'QX60',	24,	1,	0),
  (480,	'QX70',	24,	1,	0),
  (481,	'QX80',	24,	1,	0),
  (482,	'QX56',	24,	1,	0),
  (483,	'QX60 Hybrid',	24,	1,	0),
  (484,	'CXT',	25,	1,	0),
  (485,	'MXT',	25,	1,	0),
  (486,	'RXT',	25,	1,	0),
  (487,	'Amigo',	26,	1,	0),
  (488,	'Ascender',	26,	1,	0),
  (489,	'Axiom',	26,	1,	0),
  (491,	'Hombre',	26,	1,	0),
  (492,	'i-280',	26,	1,	0),
  (493,	'i-290',	26,	1,	0),
  (494,	'i-350',	26,	1,	0),
  (495,	'i-370',	26,	1,	0),
  (496,	'Rodeo',	26,	1,	0),
  (497,	'Rodeo Sport',	26,	1,	0),
  (498,	'Trooper',	26,	1,	0),
  (499,	'VehiCROSS',	26,	1,	0),
  (500,	'F-TYPE',	27,	1,	0),
  (501,	'S-Type',	27,	1,	0),
  (502,	'Super V8',	27,	1,	0),
  (503,	'Super V8 Portfolio',	27,	1,	0),
  (504,	'Vanden Plas',	27,	1,	0),
  (505,	'X-Type',	27,	1,	0),
  (506,	'XF',	27,	1,	0),
  (507,	'XJ',	27,	1,	0),
  (508,	'XJ8',	27,	1,	0),
  (509,	'XJR',	27,	1,	0),
  (510,	'XK',	27,	1,	0),
  (511,	'XK8',	27,	1,	0),
  (512,	'XKR',	27,	1,	0),
  (513,	'Cherokee',	28,	1,	0),
  (514,	'Commander',	28,	1,	0),
  (515,	'Compass',	28,	1,	0),
  (516,	'Grand Cherokee',	28,	1,	0),
  (517,	'Liberty',	28,	1,	0),
  (518,	'Patriot',	28,	1,	0),
  (519,	'Renegade',	28,	1,	0),
  (520,	'Wrangler',	28,	1,	0),
  (521,	'Wrangler Unlimited',	28,	1,	0),
  (522,	'Amanti',	29,	1,	0),
  (523,	'Borrego',	29,	1,	0),
  (524,	'Cadenza',	29,	1,	0),
  (525,	'Forte',	29,	1,	0),
  (526,	'Forte Koup',	29,	1,	0),
  (527,	'K900',	29,	1,	0),
  (528,	'Optima',	29,	1,	0),
  (529,	'Optima Hybrid',	29,	1,	0),
  (530,	'Rio',	29,	1,	0),
  (531,	'Rio5',	29,	1,	0),
  (532,	'Rondo',	29,	1,	0),
  (533,	'Sedona',	29,	1,	0),
  (534,	'Sephia',	29,	1,	0),
  (535,	'Sorento',	29,	1,	0),
  (536,	'Soul',	29,	1,	0),
  (537,	'Soul EV',	29,	1,	0),
  (538,	'Spectra',	29,	1,	0),
  (539,	'Spectra5',	29,	1,	0),
  (540,	'Sportage',	29,	1,	0),
  (541,	'CCX',	30,	1,	0),
  (542,	'Aventador',	31,	1,	0),
  (543,	'Diablo',	31,	1,	0),
  (544,	'Gallardo',	31,	1,	0),
  (545,	'Huracan',	31,	1,	0),
  (546,	'Murcielago',	31,	1,	0),
  (547,	'Discovery',	32,	1,	0),
  (548,	'Discovery Sport',	32,	1,	0),
  (549,	'Freelander',	32,	1,	0),
  (550,	'LR2',	32,	1,	0),
  (551,	'LR3',	32,	1,	0),
  (552,	'LR4',	32,	1,	0),
  (553,	'Range Rover',	32,	1,	0),
  (554,	'Range Rover Evoque',	32,	1,	0),
  (555,	'Range Rover Sport',	32,	1,	0),
  (556,	'CT 200h',	33,	1,	0),
  (558,	'ES 300',	33,	1,	0),
  (559,	'ES 300h',	33,	1,	0),
  (560,	'ES 330',	33,	1,	0),
  (561,	'ES 350',	33,	1,	0),
  (564,	'GS 300',	33,	1,	0),
  (565,	'GS 350',	33,	1,	0),
  (566,	'GS 400',	33,	1,	0),
  (567,	'GS 430',	33,	1,	0),
  (568,	'GS 450h',	33,	1,	0),
  (569,	'GS 460',	33,	1,	0),
  (572,	'GX 460',	33,	1,	0),
  (573,	'GX 470',	33,	1,	0),
  (574,	'HS 250h',	33,	1,	0),
  (576,	'IS 250',	33,	1,	0),
  (577,	'IS 250C',	33,	1,	0),
  (578,	'IS 300',	33,	1,	0),
  (579,	'IS 350',	33,	1,	0),
  (580,	'IS 350C',	33,	1,	0),
  (581,	'IS-F',	33,	1,	0),
  (585,	'LFA',	33,	1,	0),
  (587,	'LS 400',	33,	1,	0),
  (588,	'LS 430',	33,	1,	0),
  (589,	'LS 460',	33,	1,	0),
  (590,	'LS 600h L',	33,	1,	0),
  (594,	'LX 470',	33,	1,	0),
  (595,	'LX 570',	33,	1,	0),
  (597,	'NX 200t',	33,	1,	0),
  (598,	'NX 300h',	33,	1,	0),
  (599,	'RC 350',	33,	1,	0),
  (600,	'RC F',	33,	1,	0),
  (602,	'RX 300',	33,	1,	0),
  (603,	'RX 330',	33,	1,	0),
  (604,	'RX 350',	33,	1,	0),
  (605,	'RX 400h',	33,	1,	0),
  (606,	'RX 450h',	33,	1,	0),
  (610,	'SC 300',	33,	1,	0),
  (611,	'SC 400',	33,	1,	0),
  (612,	'SC 430',	33,	1,	0),
  (613,	'Aviator',	34,	1,	0),
  (614,	'Blackwood',	34,	1,	0),
  (615,	'Continental',	34,	1,	0),
  (616,	'LS',	34,	1,	0),
  (617,	'Mark LT',	34,	1,	0),
  (618,	'MKC',	34,	1,	0),
  (619,	'MKS',	34,	1,	0),
  (620,	'MKT',	34,	1,	0),
  (621,	'MKX',	34,	1,	0),
  (622,	'MKZ',	34,	1,	0),
  (623,	'MKZ Hybrid',	34,	1,	0),
  (624,	'Navigator',	34,	1,	0),
  (625,	'Navigator L',	34,	1,	0),
  (626,	'Town Car',	34,	1,	0),
  (627,	'Zephyr',	34,	1,	0),
  (628,	'Elise',	35,	1,	0),
  (629,	'Esprit',	35,	1,	0),
  (630,	'Esprit V8',	35,	1,	0),
  (631,	'Evora',	35,	1,	0),
  (632,	'Exige',	35,	1,	0),
  (633,	'Exige S',	35,	1,	0),
  (634,	'Coupe',	36,	1,	0),
  (635,	'Ghibli',	36,	1,	0),
  (636,	'GranSport',	36,	1,	0),
  (637,	'GranSport Spyder',	36,	1,	0),
  (638,	'GranTurismo',	36,	1,	0),
  (639,	'Quattroporte',	36,	1,	0),
  (640,	'Spyder',	36,	1,	0),
  (641,	'Landaulet',	37,	1,	0),
  (642,	'Type 57',	37,	1,	0),
  (643,	'Type 62',	37,	1,	0),
  (644,	'626',	38,	1,	0),
  (646,	'B2300',	38,	1,	0),
  (647,	'B2500',	38,	1,	0),
  (648,	'B3000',	38,	1,	0),
  (649,	'B4000',	38,	1,	0),
  (650,	'Pickup',	38,	1,	0),
  (651,	'CX-5',	38,	1,	0),
  (652,	'CX-7',	38,	1,	0),
  (653,	'CX-9',	38,	1,	0),
  (654,	'Mazda2',	38,	1,	0),
  (655,	'Mazda3',	38,	1,	0),
  (656,	'Mazda5',	38,	1,	0),
  (657,	'Mazda6',	38,	1,	0),
  (658,	'MazdaSpeed Miata MX-5',	38,	1,	0),
  (659,	'MazdaSpeed Protege',	38,	1,	0),
  (660,	'MazdaSpeed3',	38,	1,	0),
  (661,	'MazdaSpeed6',	38,	1,	0),
  (662,	'Millenia',	38,	1,	0),
  (663,	'MPV',	38,	1,	0),
  (664,	'MX-5 Miata',	38,	1,	0),
  (665,	'Protege',	38,	1,	0),
  (666,	'Protege5',	38,	1,	0),
  (667,	'RX-8',	38,	1,	0),
  (668,	'Tribute',	38,	1,	0),
  (669,	'Tribute Hybrid',	38,	1,	0),
  (670,	'650S',	39,	1,	0),
  (671,	'MP4-12C',	39,	1,	0),
  (672,	'AMG CLS',	40,	1,	0),
  (673,	'AMG E',	40,	1,	0),
  (674,	'AMG GLE',	40,	1,	0),
  (675,	'AMG GT',	40,	1,	0),
  (676,	'AMG SLK',	40,	1,	0),
  (677,	'B-Class Electric Drive',	40,	1,	0),
  (678,	'C-Class',	40,	1,	0),
  (679,	'CL-Class',	40,	1,	0),
  (680,	'CLA-Class',	40,	1,	0),
  (681,	'CLK-Class',	40,	1,	0),
  (682,	'CLS-Class',	40,	1,	0),
  (683,	'E-Class',	40,	1,	0),
  (684,	'G-Class',	40,	1,	0),
  (685,	'GL-Class',	40,	1,	0),
  (686,	'GLA-Class',	40,	1,	0),
  (687,	'GLE-Class',	40,	1,	0),
  (688,	'GLK-Class',	40,	1,	0),
  (689,	'M-Class',	40,	1,	0),
  (690,	'Maybach S',	40,	1,	0),
  (691,	'R-Class',	40,	1,	0),
  (692,	'S-Class',	40,	1,	0),
  (693,	'SL-Class',	40,	1,	0),
  (694,	'SLK-Class',	40,	1,	0),
  (695,	'SLR McLaren',	40,	1,	0),
  (696,	'SLS AMG',	40,	1,	0),
  (697,	'SLS AMG Black Series',	40,	1,	0),
  (698,	'Sprinter',	40,	1,	0),
  (699,	'Cougar',	41,	1,	0),
  (700,	'Grand Marquis',	41,	1,	0),
  (701,	'Marauder',	41,	1,	0),
  (702,	'Mariner',	41,	1,	0),
  (703,	'Mariner Hybrid',	41,	1,	0),
  (704,	'Milan',	41,	1,	0),
  (705,	'Milan Hybrid',	41,	1,	0),
  (706,	'Montego',	41,	1,	0),
  (707,	'Monterey',	41,	1,	0),
  (708,	'Mountaineer',	41,	1,	0),
  (709,	'Mystique',	41,	1,	0),
  (710,	'Sable',	41,	1,	0),
  (711,	'Villager',	41,	1,	0),
  (713,	'Clubman',	42,	1,	0),
  (714,	'Cooper Clubman',	42,	1,	0),
  (715,	'Cooper S Clubman',	42,	1,	0),
  (716,	'Convertible',	42,	1,	0),
  (717,	'Cooper',	42,	1,	0),
  (720,	'Cooper S',	42,	1,	0),
  (724,	'Cooper Countryman',	42,	1,	0),
  (725,	'Cooper S Countryman',	42,	1,	0),
  (726,	'Countryman',	42,	1,	0),
  (727,	'Coupe',	42,	1,	0),
  (728,	'Hardtop',	42,	1,	0),
  (729,	'Paceman',	42,	1,	0),
  (730,	'Roadster',	42,	1,	0),
  (731,	'Diamante',	43,	1,	0),
  (732,	'Eclipse',	43,	1,	0),
  (733,	'Endeavor',	43,	1,	0),
  (734,	'Galant',	43,	1,	0),
  (735,	'i-MiEV',	43,	1,	0),
  (736,	'Lancer',	43,	1,	0),
  (737,	'Lancer Evolution',	43,	1,	0),
  (738,	'Lancer Sportback',	43,	1,	0),
  (739,	'Mirage',	43,	1,	0),
  (740,	'Montero',	43,	1,	0),
  (741,	'Montero Sport',	43,	1,	0),
  (742,	'Outlander',	43,	1,	0),
  (743,	'Outlander Sport',	43,	1,	0),
  (744,	'Raider',	43,	1,	0),
  (745,	'Aero 8',	44,	1,	0),
  (746,	'Plus 8',	44,	1,	0),
  (747,	'Roadster',	44,	1,	0),
  (748,	'350Z',	45,	1,	0),
  (749,	'370Z',	45,	1,	0),
  (750,	'Altima',	45,	1,	0),
  (751,	'Altima Hybrid',	45,	1,	0),
  (752,	'Armada',	45,	1,	0),
  (753,	'Cube',	45,	1,	0),
  (754,	'Frontier',	45,	1,	0),
  (755,	'GT-R',	45,	1,	0),
  (756,	'Juke',	45,	1,	0),
  (757,	'Leaf',	45,	1,	0),
  (758,	'Maxima',	45,	1,	0),
  (759,	'Murano',	45,	1,	0),
  (760,	'Murano CrossCabriolet',	45,	1,	0),
  (764,	'NV Cargo',	45,	1,	0),
  (765,	'NV Cargo NV1500',	45,	1,	0),
  (766,	'NV Cargo NV2500 HD',	45,	1,	0),
  (767,	'NV Cargo NV3500 HD',	45,	1,	0),
  (768,	'NV Passenger',	45,	1,	0),
  (769,	'NV Passenger NV3500 HD',	45,	1,	0),
  (770,	'NV200',	45,	1,	0),
  (771,	'Pathfinder',	45,	1,	0),
  (772,	'Pathfinder Hybrid',	45,	1,	0),
  (773,	'Quest',	45,	1,	0),
  (774,	'Rogue',	45,	1,	0),
  (775,	'Rogue Select',	45,	1,	0),
  (776,	'Sentra',	45,	1,	0),
  (777,	'Titan',	45,	1,	0),
  (778,	'Versa',	45,	1,	0),
  (779,	'Versa Note',	45,	1,	0),
  (780,	'Xterra',	45,	1,	0),
  (781,	'Alero',	46,	1,	0),
  (782,	'Aurora',	46,	1,	0),
  (783,	'Bravada',	46,	1,	0),
  (784,	'Intrigue',	46,	1,	0),
  (785,	'Silhouette',	46,	1,	0),
  (786,	'AIV Roadster',	47,	1,	0),
  (787,	'Esperante',	47,	1,	0),
  (788,	'Roadster',	47,	1,	0),
  (789,	'Breeze',	48,	1,	0),
  (790,	'Grand Voyager',	48,	1,	0),
  (791,	'Neon',	48,	1,	0),
  (792,	'Prowler',	48,	1,	0),
  (793,	'Voyager',	48,	1,	0),
  (794,	'Aztek',	49,	1,	0),
  (795,	'Bonneville',	49,	1,	0),
  (796,	'Firebird',	49,	1,	0),
  (797,	'G3',	49,	1,	0),
  (798,	'G5',	49,	1,	0),
  (799,	'G6',	49,	1,	0),
  (800,	'G8',	49,	1,	0),
  (801,	'Grand Am',	49,	1,	0),
  (802,	'Grand Prix',	49,	1,	0),
  (803,	'GTO',	49,	1,	0),
  (804,	'Montana',	49,	1,	0),
  (805,	'Montana SV6',	49,	1,	0),
  (806,	'Solstice',	49,	1,	0),
  (807,	'Sunfire',	49,	1,	0),
  (808,	'Torrent',	49,	1,	0),
  (809,	'Vibe',	49,	1,	0),
  (810,	'911',	50,	1,	0),
  (811,	'918 Spyder',	50,	1,	0),
  (812,	'Boxster',	50,	1,	0),
  (813,	'Carrera GT',	50,	1,	0),
  (814,	'Cayenne',	50,	1,	0),
  (815,	'Cayenne Hybrid',	50,	1,	0),
  (816,	'Cayman',	50,	1,	0),
  (817,	'Macan',	50,	1,	0),
  (818,	'Panamera',	50,	1,	0),
  (819,	'Panamera e-Hybrid',	50,	1,	0),
  (820,	'Panamera Hybrid',	50,	1,	0),
  (821,	'Mangusta',	51,	1,	0),
  (822,	'1500',	52,	1,	0),
  (823,	'2500',	52,	1,	0),
  (824,	'3500',	52,	1,	0),
  (825,	'Cargo',	52,	1,	0),
  (826,	'ProMaster 1500',	52,	1,	0),
  (827,	'ProMaster 2500',	52,	1,	0),
  (828,	'ProMaster 2500 Window Van',	52,	1,	0),
  (829,	'ProMaster 3500',	52,	1,	0),
  (830,	'ProMaster 3500 Window Van',	52,	1,	0),
  (831,	'ProMaster City',	52,	1,	0),
  (832,	'Corniche',	53,	1,	0),
  (833,	'Ghost',	53,	1,	0),
  (834,	'Park Ward',	53,	1,	0),
  (835,	'Phantom',	53,	1,	0),
  (836,	'Phantom Coupe',	53,	1,	0),
  (837,	'Phantom Drophead Coupe',	53,	1,	0),
  (838,	'Phantom VI',	53,	1,	0),
  (839,	'Silver Seraph',	53,	1,	0),
  (840,	'Wraith',	53,	1,	0),
  (841,	'9-2X',	54,	1,	0),
  (842,	'9-3',	54,	1,	0),
  (843,	'9-3X',	54,	1,	0),
  (844,	'9-4X',	54,	1,	0),
  (845,	'9-5',	54,	1,	0),
  (846,	'9-7X',	54,	1,	0),
  (847,	'S7',	55,	1,	0),
  (848,	'Astra',	56,	1,	0),
  (849,	'Aura',	56,	1,	0),
  (851,	'Aura Green Line',	56,	1,	0),
  (852,	'Aura Hybrid',	56,	1,	0),
  (853,	'Ion',	56,	1,	0),
  (854,	'L',	56,	1,	0),
  (855,	'LS',	56,	1,	0),
  (856,	'LW',	56,	1,	0),
  (857,	'Outlook',	56,	1,	0),
  (858,	'Relay',	56,	1,	0),
  (859,	'SC',	56,	1,	0),
  (860,	'Sky',	56,	1,	0),
  (861,	'SL',	56,	1,	0),
  (862,	'SW',	56,	1,	0),
  (863,	'Vue',	56,	1,	0),
  (865,	'Vue Green Line',	56,	1,	0),
  (866,	'Vue Hybrid',	56,	1,	0),
  (867,	'FR-S',	57,	1,	0),
  (868,	'iA',	57,	1,	0),
  (869,	'iM',	57,	1,	0),
  (870,	'iQ',	57,	1,	0),
  (871,	'tC',	57,	1,	0),
  (872,	'xA',	57,	1,	0),
  (873,	'xB',	57,	1,	0),
  (874,	'xD',	57,	1,	0),
  (875,	'ForTwo',	58,	1,	0),
  (876,	'ForTwo Electric Drive',	58,	1,	0),
  (877,	'C8',	59,	1,	0),
  (878,	'C8 Aileron',	59,	1,	0),
  (879,	'C8 Laviolette',	59,	1,	0),
  (880,	'B9 Tribeca',	60,	1,	0),
  (881,	'Baja',	60,	1,	0),
  (882,	'BRZ',	60,	1,	0),
  (883,	'Forester',	60,	1,	0),
  (884,	'Impreza',	60,	1,	0),
  (885,	'Impreza Outback Sport',	60,	1,	0),
  (886,	'Impreza WRX',	60,	1,	0),
  (887,	'Impreza WRX STi',	60,	1,	0),
  (888,	'Legacy',	60,	1,	0),
  (889,	'Outback',	60,	1,	0),
  (890,	'Tribeca',	60,	1,	0),
  (891,	'WRX',	60,	1,	0),
  (892,	'WRX STI',	60,	1,	0),
  (893,	'XV Crosstrek',	60,	1,	0),
  (894,	'XV Crosstrek Hybrid',	60,	1,	0),
  (895,	'Aerio',	61,	1,	0),
  (896,	'Equator',	61,	1,	0),
  (897,	'Esteem',	61,	1,	0),
  (898,	'Forenza',	61,	1,	0),
  (899,	'Grand Vitara',	61,	1,	0),
  (900,	'Kizashi',	61,	1,	0),
  (901,	'Reno',	61,	1,	0),
  (902,	'Swift',	61,	1,	0),
  (903,	'SX4',	61,	1,	0),
  (904,	'Verona',	61,	1,	0),
  (905,	'Vitara',	61,	1,	0),
  (906,	'XL7',	61,	1,	0),
  (907,	'Model S',	62,	1,	0),
  (908,	'Roadster',	62,	1,	0),
  (909,	'4Runner',	63,	1,	0),
  (910,	'Avalon',	63,	1,	0),
  (911,	'Avalon Hybrid',	63,	1,	0),
  (912,	'Camry',	63,	1,	0),
  (913,	'Camry Hybrid',	63,	1,	0),
  (914,	'Camry Solara',	63,	1,	0),
  (915,	'Celica',	63,	1,	0),
  (916,	'Corolla',	63,	1,	0),
  (917,	'ECHO',	63,	1,	0),
  (918,	'FJ Cruiser',	63,	1,	0),
  (919,	'Highlander',	63,	1,	0),
  (920,	'Highlander Hybrid',	63,	1,	0),
  (921,	'Land Cruiser',	63,	1,	0),
  (922,	'Matrix',	63,	1,	0),
  (923,	'MR2',	63,	1,	0),
  (924,	'Prius',	63,	1,	0),
  (925,	'Prius c',	63,	1,	0),
  (926,	'Prius Plug-in',	63,	1,	0),
  (927,	'Prius v',	63,	1,	0),
  (928,	'RAV4',	63,	1,	0),
  (929,	'RAV4 EV',	63,	1,	0),
  (930,	'Sequoia',	63,	1,	0),
  (931,	'Sienna',	63,	1,	0),
  (932,	'Tacoma',	63,	1,	0),
  (933,	'Tundra',	63,	1,	0),
  (934,	'Venza',	63,	1,	0),
  (935,	'Yaris',	63,	1,	0),
  (936,	'Beetle',	64,	1,	0),
  (937,	'Cabrio',	64,	1,	0),
  (938,	'CC',	64,	1,	0),
  (939,	'e-Golf',	64,	1,	0),
  (940,	'Eos',	64,	1,	0),
  (941,	'Eurovan',	64,	1,	0),
  (942,	'Golf',	64,	1,	0),
  (943,	'Golf GTI',	64,	1,	0),
  (944,	'Golf R',	64,	1,	0),
  (945,	'Golf SportWagen',	64,	1,	0),
  (946,	'GTI',	64,	1,	0),
  (947,	'Jetta',	64,	1,	0),
  (948,	'Jetta Hybrid',	64,	1,	0),
  (949,	'Jetta SportWagen',	64,	1,	0),
  (950,	'New Beetle',	64,	1,	0),
  (951,	'Passat',	64,	1,	0),
  (952,	'Phaeton',	64,	1,	0),
  (953,	'R32',	64,	1,	0),
  (954,	'Rabbit',	64,	1,	0),
  (955,	'Routan',	64,	1,	0),
  (956,	'Tiguan',	64,	1,	0),
  (957,	'Touareg',	64,	1,	0),
  (958,	'Touareg 2',	64,	1,	0),
  (959,	'Touareg Hybrid',	64,	1,	0),
  (960,	'C30',	65,	1,	0),
  (961,	'C70',	65,	1,	0),
  (962,	'S40',	65,	1,	0),
  (963,	'S60',	65,	1,	0),
  (964,	'S60 Inscription',	65,	1,	0),
  (965,	'S70',	65,	1,	0),
  (966,	'S80',	65,	1,	0),
  (967,	'V40',	65,	1,	0),
  (968,	'V50',	65,	1,	0),
  (969,	'V60',	65,	1,	0),
  (970,	'V60 Cross Country',	65,	1,	0),
  (971,	'V70',	65,	1,	0),
  (972,	'XC60',	65,	1,	0),
  (973,	'XC70',	65,	1,	0),
  (974,	'XC90',	65,	1,	0),
  (975,	'GT 86',	63,	1,	0);

DROP TABLE IF EXISTS `orders_cache`;
CREATE TABLE `orders_cache` (
  `id` int(10) unsigned NOT NULL AUTO_INCREMENT,
  `for` varchar(255) COLLATE utf8_unicode_ci NOT NULL,
  `for_id` int(11) NOT NULL,
  `user_id` int(11) NOT NULL,
  `listing_id` int(11) DEFAULT NULL,
  `invoice_no` varchar(255) COLLATE utf8_unicode_ci NOT NULL,
  `created_at` timestamp NOT NULL DEFAULT '0000-00-00 00:00:00',
  `updated_at` timestamp NOT NULL DEFAULT '0000-00-00 00:00:00',
  PRIMARY KEY (`id`)
) ENGINE=InnoDB DEFAULT CHARSET=utf8 COLLATE=utf8_unicode_ci;


DROP TABLE IF EXISTS `password_resets`;
CREATE TABLE `password_resets` (
  `email` varchar(255) COLLATE utf8_unicode_ci NOT NULL,
  `token` varchar(255) COLLATE utf8_unicode_ci NOT NULL,
  `created_at` timestamp NOT NULL DEFAULT '0000-00-00 00:00:00',
  KEY `password_resets_email_index` (`email`),
  KEY `password_resets_token_index` (`token`)
) ENGINE=InnoDB DEFAULT CHARSET=utf8 COLLATE=utf8_unicode_ci;


DROP TABLE IF EXISTS `payments`;
CREATE TABLE `payments` (
  `id` int(10) unsigned NOT NULL AUTO_INCREMENT,
  `for` varchar(255) COLLATE utf8_unicode_ci NOT NULL,
  `for_id` int(11) NOT NULL,
  `user_id` int(11) NOT NULL,
  `listing_id` int(11) DEFAULT NULL,
  `payment_status` varchar(255) COLLATE utf8_unicode_ci NOT NULL,
  `invoice_no` varchar(255) COLLATE utf8_unicode_ci NOT NULL,
  `txn_id` varchar(255) COLLATE utf8_unicode_ci NOT NULL,
  `amount` decimal(5,2) DEFAULT NULL,
  `created_at` timestamp NOT NULL DEFAULT '0000-00-00 00:00:00',
  `updated_at` timestamp NOT NULL DEFAULT '0000-00-00 00:00:00',
  PRIMARY KEY (`id`)
) ENGINE=InnoDB DEFAULT CHARSET=utf8 COLLATE=utf8_unicode_ci;


DROP TABLE IF EXISTS `permissions`;
CREATE TABLE `permissions` (
  `id` int(10) unsigned NOT NULL AUTO_INCREMENT,
  `route_names` varchar(255) COLLATE utf8_unicode_ci NOT NULL,
  `description` varchar(255) COLLATE utf8_unicode_ci NOT NULL,
  `permission_group_id` int(11) NOT NULL,
  `system_protected` tinyint(1) NOT NULL,
  `order` int(11) NOT NULL,
  PRIMARY KEY (`id`)
) ENGINE=InnoDB DEFAULT CHARSET=utf8 COLLATE=utf8_unicode_ci;

INSERT INTO `permissions` (`id`, `route_names`, `description`, `permission_group_id`, `system_protected`, `order`) VALUES
  (1,	'admin.listings.destroy',	'Delete Listing',	1,	1,	4),
  (2,	'admin.listings.edit|admin.listings.update|admin.listings.approve|admin.listings.reject|admin.listings.undoreject|admin.listing-photos.index|admin.listing-photos.upload|admin.listing-photos.destroy|admin.listing-photos.move|admin.listing-photos.photos',	'Edit Listing (includes approving, rejecting & photos)',	1,	1,	3),
  (3,	'admin.listings.create|admin.listings.store',	'Add Listing',	1,	1,	2),
  (4,	'admin.users.create|admin.users.store',	'Add User',	2,	1,	2),
  (5,	'admin.users.edit|admin.users.update|admin.users.approve|admin.users.reject|admin.users.undoreject',	'Edit User (includes approving and rejecting)',	2,	1,	3),
  (6,	'admin.users.delete|admin.users.destroy',	'Delete User (includes deleting/transfering all user\'s listings)',	2,	1,	4),
  (7,	'admin.listings.index',	'View Listings',	1,	1,	1),
  (8,	'admin.users.index',	'View Users',	2,	1,	1),
  (9,	'admin.company-profiles.index',	'View Company Profiles',	4,	1,	1),
  (10,	'admin.company-profiles.create|admin.company-profiles.store|admin.company-profiles.edit|admin.company-profiles.update|admin.company-profiles.uploadlogo|admin.company-profiles.deletelogo',	'Add/Edit Company Profile',	4,	1,	2),
  (11,	'admin.company-profiles.destroy',	'Delete Company Profile',	4,	1,	3),
  (12,	'admin.payments.index',	'View Payments',	3,	1,	1),
  (13,	'admin.payments.destroy',	'Delete Payment',	3,	1,	2);

DROP TABLE IF EXISTS `permission_groups`;
CREATE TABLE `permission_groups` (
  `id` int(10) unsigned NOT NULL AUTO_INCREMENT,
  `name` varchar(255) COLLATE utf8_unicode_ci NOT NULL,
  `identifier` varchar(255) COLLATE utf8_unicode_ci NOT NULL,
  `system_protected` tinyint(1) NOT NULL,
  `order` int(11) NOT NULL,
  PRIMARY KEY (`id`)
) ENGINE=InnoDB DEFAULT CHARSET=utf8 COLLATE=utf8_unicode_ci;

INSERT INTO `permission_groups` (`id`, `name`, `identifier`, `system_protected`, `order`) VALUES
  (1,	'Listings',	'listings',	1,	1),
  (2,	'Users',	'users',	1,	2),
  (3,	'Payments',	'manage-payments',	1,	4),
  (4,	'Company Profiles',	'company-profiles',	1,	3);

DROP TABLE IF EXISTS `permission_user`;
CREATE TABLE `permission_user` (
  `id` int(10) unsigned NOT NULL AUTO_INCREMENT,
  `permission_id` int(10) unsigned NOT NULL,
  `user_id` int(10) unsigned NOT NULL,
  PRIMARY KEY (`id`),
  KEY `permission_user_permission_id_index` (`permission_id`),
  KEY `permission_user_user_id_index` (`user_id`),
  CONSTRAINT `permission_user_permission_id_foreign` FOREIGN KEY (`permission_id`) REFERENCES `permissions` (`id`) ON DELETE CASCADE,
  CONSTRAINT `permission_user_user_id_foreign` FOREIGN KEY (`user_id`) REFERENCES `users` (`id`) ON DELETE CASCADE
) ENGINE=InnoDB DEFAULT CHARSET=utf8 COLLATE=utf8_unicode_ci;


DROP TABLE IF EXISTS `photos`;
CREATE TABLE `photos` (
  `id` int(10) unsigned NOT NULL AUTO_INCREMENT,
  `name` varchar(255) COLLATE utf8_unicode_ci NOT NULL,
  `listing_id` int(10) unsigned NOT NULL,
  PRIMARY KEY (`id`)
) ENGINE=InnoDB DEFAULT CHARSET=utf8 COLLATE=utf8_unicode_ci;


DROP TABLE IF EXISTS `users`;
CREATE TABLE `users` (
  `id` int(10) unsigned NOT NULL AUTO_INCREMENT,
  `user_type` varchar(255) COLLATE utf8_unicode_ci NOT NULL,
  `user_group_id` int(11) NOT NULL,
  `membership_plan_id` int(11) DEFAULT NULL,
  `first_name` varchar(255) COLLATE utf8_unicode_ci NOT NULL,
  `last_name` varchar(255) COLLATE utf8_unicode_ci NOT NULL,
  `username` varchar(255) COLLATE utf8_unicode_ci NOT NULL,
  `password` varchar(255) COLLATE utf8_unicode_ci NOT NULL,
  `email` varchar(255) COLLATE utf8_unicode_ci NOT NULL,
  `phone` varchar(255) COLLATE utf8_unicode_ci NOT NULL,
  `show_phone` tinyint(1) NOT NULL,
  `state_id` int(11) NOT NULL,
  `city` varchar(255) COLLATE utf8_unicode_ci NOT NULL,
  `addr_1` varchar(255) COLLATE utf8_unicode_ci NOT NULL,
  `zip` varchar(255) COLLATE utf8_unicode_ci NOT NULL,
  `expires_on` timestamp NULL DEFAULT NULL,
  `st_moderation` varchar(255) COLLATE utf8_unicode_ci NOT NULL,
  `st_email_confirmed` tinyint(1) NOT NULL,
  `remember_token` varchar(100) COLLATE utf8_unicode_ci DEFAULT NULL,
  `last_login` timestamp NOT NULL DEFAULT '0000-00-00 00:00:00',
  `created_at` timestamp NOT NULL DEFAULT '0000-00-00 00:00:00',
  `updated_at` timestamp NOT NULL DEFAULT '0000-00-00 00:00:00',
  PRIMARY KEY (`id`),
  UNIQUE KEY `users_username_unique` (`username`),
  UNIQUE KEY `users_email_unique` (`email`)
) ENGINE=InnoDB DEFAULT CHARSET=utf8 COLLATE=utf8_unicode_ci;


DROP TABLE IF EXISTS `user_groups`;
CREATE TABLE `user_groups` (
  `id` int(10) unsigned NOT NULL AUTO_INCREMENT,
  `name` varchar(255) COLLATE utf8_unicode_ci NOT NULL,
  `description` varchar(255) COLLATE utf8_unicode_ci NOT NULL,
  `display_company` tinyint(1) NOT NULL,
  `display` tinyint(1) NOT NULL,
  `order` int(11) NOT NULL,
  `created_at` timestamp NOT NULL DEFAULT '0000-00-00 00:00:00',
  `updated_at` timestamp NOT NULL DEFAULT '0000-00-00 00:00:00',
  PRIMARY KEY (`id`)
) ENGINE=InnoDB DEFAULT CHARSET=utf8 COLLATE=utf8_unicode_ci;

INSERT INTO `user_groups` (`id`, `name`, `description`, `display_company`, `display`, `order`, `created_at`, `updated_at`) VALUES
  (1,	'Direct Owner',	'User Group for Individuals (direct owners)',	1,	1,	0,	'2015-10-28 07:30:54',	'2015-10-28 08:42:44'),
  (2,	'Dealer',	'User Group for Dealers',	1,	1,	1,	'2015-10-28 07:30:54',	'2015-10-28 08:42:15');

DROP TABLE IF EXISTS `webconfigs`;
CREATE TABLE `webconfigs` (
  `id` int(10) unsigned NOT NULL AUTO_INCREMENT,
  `color_scheme` varchar(255) COLLATE utf8_unicode_ci NOT NULL,
  `logo` varchar(255) COLLATE utf8_unicode_ci DEFAULT NULL,
  `web_type` varchar(255) COLLATE utf8_unicode_ci NOT NULL,
  `web_name` varchar(255) COLLATE utf8_unicode_ci NOT NULL,
  `web_desc` varchar(255) COLLATE utf8_unicode_ci NOT NULL,
  `meta_desc` varchar(255) COLLATE utf8_unicode_ci NOT NULL,
  `meta_keyw` varchar(255) COLLATE utf8_unicode_ci NOT NULL,
  `fb_url` varchar(255) COLLATE utf8_unicode_ci NOT NULL,
  `tw_url` varchar(255) COLLATE utf8_unicode_ci NOT NULL,
  `featured_first` tinyint(1) NOT NULL,
  `auto_acc_confirm` tinyint(1) NOT NULL,
  `require_email_conf` tinyint(1) NOT NULL,
  `ui_view` varchar(255) COLLATE utf8_unicode_ci NOT NULL,
  `ui_list_no` int(11) NOT NULL,
  `ui_list_sort` varchar(255) COLLATE utf8_unicode_ci NOT NULL,
  `ui_user_no` int(11) NOT NULL,
  `ui_user_sort` varchar(255) COLLATE utf8_unicode_ci NOT NULL,
  `ai_list_no` int(11) NOT NULL,
  `ai_list_sort` varchar(255) COLLATE utf8_unicode_ci NOT NULL,
  `ai_user_no` int(11) NOT NULL,
  `ai_user_sort` varchar(255) COLLATE utf8_unicode_ci NOT NULL,
  `ai_listing_plans_no` int(11) NOT NULL,
  `ai_payments_no` int(11) NOT NULL,
  `ai_administrators_no` int(11) NOT NULL,
  `ai_compprofiles_no` int(11) NOT NULL,
  `ai_datafields_no` int(11) NOT NULL,
  `cont_email` varchar(255) COLLATE utf8_unicode_ci NOT NULL,
  `curr_symb` varchar(255) COLLATE utf8_unicode_ci NOT NULL,
  `mileage_units` varchar(255) COLLATE utf8_unicode_ci NOT NULL,
  `locality` varchar(255) COLLATE utf8_unicode_ci NOT NULL,
  `zip_format` varchar(255) COLLATE utf8_unicode_ci NOT NULL,
  `price_format` varchar(255) COLLATE utf8_unicode_ci NOT NULL,
  `date_format` varchar(255) COLLATE utf8_unicode_ci NOT NULL,
  `time_format` varchar(255) COLLATE utf8_unicode_ci NOT NULL,
  `size_photo_x` int(11) NOT NULL,
  `size_photo_y` int(11) NOT NULL,
  `size_thumb_x` int(11) NOT NULL,
  `size_thumb_y` int(11) NOT NULL,
  `pp_email` varchar(255) COLLATE utf8_unicode_ci NOT NULL,
  `pp_curr_code` varchar(255) COLLATE utf8_unicode_ci NOT NULL,
  `pp_sandbox` tinyint(1) NOT NULL,
  `pp_bypass` tinyint(1) NOT NULL,
  `cron_key` varchar(255) COLLATE utf8_unicode_ci NOT NULL,
  `analytics_code` text COLLATE utf8_unicode_ci NOT NULL,
  `google_maps_api_key` varchar(255) COLLATE utf8_unicode_ci NOT NULL,
  `email_welcome` tinyint(1) NOT NULL,
  `email_payment_received` tinyint(1) NOT NULL,
  `email_account_approved` tinyint(1) NOT NULL,
  `email_listing_approved` tinyint(1) NOT NULL,
  `email_listing_expired` tinyint(1) NOT NULL,
  `email_listing_expires_2` tinyint(1) NOT NULL,
  `email_listing_expires_7` tinyint(1) NOT NULL,
  `email_membership_expired` tinyint(1) NOT NULL,
  `email_membership_expires_2` tinyint(1) NOT NULL,
  `email_membership_expires_7` tinyint(1) NOT NULL,
  `email_listing_enhancement_expired` tinyint(1) NOT NULL,
  `captcha_admin_login` tinyint(1) NOT NULL,
  `captcha_user_login` tinyint(1) NOT NULL,
  `captcha_register` tinyint(1) NOT NULL,
  `captcha_contact_forms` tinyint(1) NOT NULL,
  `captcha_reset_pass` tinyint(1) NOT NULL,
  `created_at` timestamp NOT NULL DEFAULT '0000-00-00 00:00:00',
  `updated_at` timestamp NOT NULL DEFAULT '0000-00-00 00:00:00',
  PRIMARY KEY (`id`)
) ENGINE=InnoDB DEFAULT CHARSET=utf8 COLLATE=utf8_unicode_ci;

INSERT INTO `webconfigs` (`id`, `color_scheme`, `logo`, `web_type`, `web_name`, `web_desc`, `meta_desc`, `meta_keyw`, `fb_url`, `tw_url`, `featured_first`, `auto_acc_confirm`, `require_email_conf`, `ui_view`, `ui_list_no`, `ui_list_sort`, `ui_user_no`, `ui_user_sort`, `ai_list_no`, `ai_list_sort`, `ai_user_no`, `ai_user_sort`, `ai_listing_plans_no`, `ai_payments_no`, `ai_administrators_no`, `ai_compprofiles_no`, `ai_datafields_no`, `cont_email`, `curr_symb`, `mileage_units`, `locality`, `zip_format`, `price_format`, `date_format`, `time_format`, `size_photo_x`, `size_photo_y`, `size_thumb_x`, `size_thumb_y`, `pp_email`, `pp_curr_code`, `pp_sandbox`, `pp_bypass`, `cron_key`, `analytics_code`, `google_maps_api_key`, `email_welcome`, `email_payment_received`, `email_account_approved`, `email_listing_approved`, `email_listing_expired`, `email_listing_expires_2`, `email_listing_expires_7`, `email_membership_expired`, `email_membership_expires_2`, `email_membership_expires_7`, `email_listing_enhancement_expired`, `captcha_admin_login`, `captcha_user_login`, `captcha_register`, `captcha_contact_forms`, `captcha_reset_pass`, `created_at`, `updated_at`) VALUES
  (1,	'default',	'auto_default.png',	'membership_plans',	'Aw AutoClass',	'AW Auto Classifieds Software',	'Great Auto Classifieds Software for Auto Dealers',	'auto classifieds software, auto classifieds script, classifieds script',	'https://www.facebook.com/AppsWWW',	'https://twitter.com/appswwwcom',	1,	0,	1,	'list',	10,	'date_DESC',	10,	'name_ASC',	10,	'date_DESC',	10,	'name_ASC',	10,	10,	10,	10,	10,	'hello@appswww.com',	'$',	'mi',	'State',	'Zip Code',	'after',	'd M Y',	'h:i:s',	900,	600,	265,	176,	'pp@email.com',	'USD',	0,	1,	'cron123',	'',	'AIzaSyA3nbyy_dQs6xaVgfGnTbCROId-TGOHmVo',	1,	1,	1,	1,	1,	1,	1,	1,	1,	1,	1,	0,	0,	0,	1,	0,	'2015-10-28 05:30:48',	'2017-04-03 14:54:58');

DROP TABLE IF EXISTS `zip_codes`;
CREATE TABLE `zip_codes` (
  `id` int(10) unsigned NOT NULL AUTO_INCREMENT,
  `zip_code` varchar(255) COLLATE utf8_unicode_ci NOT NULL,
  `lat` decimal(10,7) NOT NULL,
  `lng` decimal(10,7) NOT NULL,
  PRIMARY KEY (`id`)
) ENGINE=InnoDB DEFAULT CHARSET=utf8 COLLATE=utf8_unicode_ci;